movie,production_budget,domestic_gross_x,worldwide_gross,studio,year
Destroyer,9000000,1533324,3681096,Annapurna,2018
Vice,60000000,47836282,70883171,Annapurna,2018
On the Basis of Sex,20000000,24622687,38073377,Focus,2018
Aquaman,160000000,335061807,1146894640,WB,2018
Second Act,15700000,39282227,63288854,STX,2018
Bumblebee,102000000,127195589,465195589,Par.,2018
Welcome to Marwen,45000000,10763520,12874922,Uni.,2018
Mary Poppins Returns,130000000,171958438,341528518,BV,2018
Mortal Engines,100000000,15951040,85287417,Uni.,2018
The Mule,50000000,103804407,170857676,WB,2018
If Beale Street Could Talk,12000000,14915773,19859167,Annapurna,2018
Ben is Back,13000000,3703182,9633111,RAtt.,2018
Mary Queen of Scots,25000000,16468499,46734733,Focus,2018
The Possession of Hannah Grace,6000000,14836174,42785387,SGem,2018
The Favourite,15000000,34366783,94113929,FoxS,2018
Creed II,50000000,115715889,213591522,MGM,2018
Robin Hood,99000000,30824628,84747441,Uni.,2010
Instant Family,48000000,67363237,119736188,Par.,2018
Green Book,23000000,85080171,322034439,Uni.,2018
Fantastic Beasts: The Crimes of Grindelwald,200000000,159555901,652220086,WB,2018
Widows,40000000,42402632,73866088,Fox,2018
Bohemian Rhapsody,55000000,216303339,894985342,Fox,2018
The Nutcracker and the Four Realms,132900000,54858851,170293899,BV,2018
Suspiria,20000000,2483472,7034615,Amazon,2018
Can You Ever Forgive Me?,10000000,8803865,11752387,FoxS,2018
Goosebumps 2: Haunted Halloween,35000000,46697321,93291478,Sony,2018
First Man,60000000,44936545,105203825,Uni.,2018
Beautiful Boy,25000000,7634767,13031424,Anch.,2011
The Hate U Give,23000000,29719483,35067665,Fox,2018
Hell Fest,5500000,11107431,18119231,LGF,2018
Smallfoot,80000000,83240103,213691277,WB,2018
The Sisters Brothers,38000000,3143056,13143056,Annapurna,2018
White Boy Rick,30000000,24004833,25947983,Studio 8,2018
Mandy,6000000,1214525,1427656,RLJ,2018
A Simple Favor,20000000,53548586,97628717,LGF,2018
Peppermint,25000000,35418723,51800758,STX,2018
Kin,30000000,5718096,10096821,LGF,2018
Alpha,51000000,35851379,99624873,Studio 8,2018
Mile 22,35000000,36108758,66295121,STX,2018
Crazy Rich Asians,30000000,174532921,238099711,WB,2018
BlacKkKlansman,15000000,49275340,93017335,Focus,2018
Slender Man,10000000,30564825,51723644,SGem,2018
The Meg,178000000,145443742,529530715,WB,2018
The Darkest Minds,34000000,12695691,38361428,Fox,2018
Teen Titans Go! To The Movies,10000000,29790236,51620593,WB,2018
The Equalizer 2,77000000,102084362,190453132,Sony,2018
Unfriended: Dark Web,1000000,8866745,16434588,BH Tilt,2018
Skyscraper,125000000,68420120,304115534,Uni.,2018
Hotel Transylvania 3: Summer Vacation,65000000,167500092,527079962,Sony,2018
Ant-Man and the Wasp,130000000,216648740,623144660,BV,2018
The First Purge,13000000,69488745,136617305,Uni.,2018
Sicario: Day of the Soldado,35000000,50065850,75885196,Sony,2018
Uncle Drew,18000000,42469946,46527161,LG/S,2018
Jurassic World: Fallen Kingdom,170000000,417719760,1305772799,Uni.,2018
Gotti,10000000,4286367,6089100,VE,2018
Incredibles 2,200000000,608581744,1242520711,BV,2018
Tag,28000000,54730625,77026186,WB (NL),2018
Superfly,16000000,20537137,20723581,Sony,2018
Hereditary,10000000,44069456,70133905,A24,2018
Hotel Artemis,15000000,6708137,12758799,Global Road,2018
Upgrade,3000000,11977130,16553285,BH Tilt,2018
Adrift,35000000,31445011,57897191,STX,2018
Solo: A Star Wars Story,275000000,213767512,393151347,BV,2018
Book Club,10000000,68566296,91113683,Par.,2018
Deadpool 2,110000000,324591735,786680557,Fox,2018
Life of the Party,30000000,53059911,65759911,WB (NL),2018
Avengers: Infinity War,300000000,678815482,2048134200,BV,2018
I Feel Pretty,32000000,48795601,91553797,STX,2018
Truth or Dare,3500000,41411015,95127344,Uni.,2018
Blockers,21000000,60311495,94045328,Uni.,2018
Lean on Pete,8000000,1163056,2455027,A24,2018
A Quiet Place,17000000,188024361,334522294,Par.,2018
Ready Player One,150000000,137690172,579290136,WB,2018
Sherlock Gnomes,59000000,43242871,87527651,Par.,2018
"Paul, Apostle of Christ",5000000,17547999,25529498,Affirm,2018
Unsane,1500000,7690044,14244931,BST,2018
"Love, Simon",10000000,40826341,65520633,Fox,2018
Tomb Raider,90000000,58250803,273477501,WB,2018
The Hurricane Heist,40000000,6115824,30963684,ENTMP,2018
A Wrinkle in Time,103000000,100478608,133401882,BV,2018
Red Sparrow,69000000,46874505,145951861,Fox,2018
Game Night,37000000,69179066,117378084,WB (NL),2018
Early Man,50000000,8267544,45285890,LGF,2018
Black Panther,200000000,700059566,1348258224,BV,2018
The 15:17 to Paris,30000000,36276286,56096200,WB,2018
Fifty Shades Freed,55000000,100407760,371350619,Uni.,2018
Peter Rabbit,50000000,115234093,347136477,Sony,2018
Bilal: A New Breed of Hero,30000000,490973,648599,VE,2018
Winchester,3500000,25091816,44378040,LGF,2018
Maze Runner: The Death Cure,61000000,58032443,265878536,Fox,2018
12 Strong,35000000,45819713,71118378,WB,2018
Den of Thieves,30000000,44947622,80131391,STX,2018
The Commuter,40000000,36343858,101985431,LGF,2018
Proud Mary,30000000,20868638,21709539,SGem,2018
Insidious: The Last Key,10000000,67745330,167885588,Uni.,2018
Pitch Perfect 3,45000000,104897530,185736412,Uni.,2017
The Post,50000000,81903458,179748880,Fox,2017
Father Figures,25000000,17501244,21038441,WB,2017
Downsizing,68000000,24449754,54462971,Par.,2017
Jumanji: Welcome to the Jungle,90000000,404508916,964496193,Sony,2017
The Greatest Showman,84000000,174340174,386665550,Fox,2017
Ferdinand,111000000,84410380,289847930,Fox,2017
"I, Tonya",11000000,30014534,53797409,Neon,2017
Just Getting Started,22000000,6069605,6756412,BG,2017
The Disaster Artist,10000000,21120616,28717667,A24,2017
The Shape of Water,19500000,63859435,195790794,FoxS,2017
Darkest Hour,30000000,56443120,150807172,Focus,2017
Coco,175000000,209726015,798008101,BV,2017
Justice League,300000000,229024295,655945209,WB,2017
Wonder,20000000,132422809,304604712,LGF,2017
"Roman J. Israel, Esq.",22000000,11962712,12967012,Sony,2017
The Star,20000000,40847995,62758010,Sony,2017
"Three Billboards Outside Ebbing, Missouri",12000000,54513740,160191915,FoxS,2017
Lady Bird,10000000,48958273,78610769,A24,2017
Thor: Ragnarok,180000000,315058289,846980024,BV,2017
A Bad Moms Christmas,28000000,72110659,127710550,STX,2017
Jigsaw,10000000,38052832,102445196,LGF,2017
Geostorm,100000000,33700160,220796009,WB,2017
The Snowman,35000000,6670765,43226146,Uni.,2017
The Foreigner,35000000,34393507,140783360,STX,2017
Happy Death Day,5000000,55683845,125010260,Uni.,2017
Blade Runner 2049,185000000,92054159,259357408,WB,2017
The Florida Project,2000000,5904366,11295324,A24,2017
American Made,50000000,51342000,135569212,Uni.,2017
Stronger,30000000,4211129,8786752,RAtt.,2017
Kingsman: The Golden Circle,104000000,100234838,408803696,Fox,2017
Friend Request,9900000,3759078,11310835,ENTMP,2017
Victoria and Abdul,21000000,22245070,68271146,Focus,2017
Battle of the Sexes,25000000,12638526,18445379,FoxS,2017
American Assassin,63000000,36249674,68310140,LGF,2017
mother!,30000000,17800004,42531076,Par.,2017
It,35000000,327481748,697457969,WB (NL),2017
Home Again,15000000,27020284,37336874,ORF,2017
Tulip Fever,25000000,2455635,6792768,Wein.,2017
All Saints,2000000,5802208,5941994,Affirm,2017
Patti Cake$,1000000,800148,1471090,FoxS,2017
Logan Lucky,29000000,27778642,44264271,BST,2017
Annabelle: Creation,15000000,102092201,305384865,WB (NL),2017
The Nut Job 2: Nutty by Nature,40000000,28370522,57438389,ORF,2017
The Dark Tower,60000000,50701325,113461527,Sony,2017
Atomic Blonde,30000000,51573925,98345423,Focus,2017
The Emoji Movie,50000000,86089513,216562312,Sony,2017
Dunkirk,150000000,190068280,499837368,WB,2017
Girls Trip,28000000,115108515,140886353,Uni.,2017
Valerian and the City of a Thousand Planets,180000000,40479370,215098356,STX,2017
War for the Planet of the Apes,152000000,146880162,489592267,Fox,2017
Wish Upon,12000000,14301505,23477345,BG,2017
A Ghost Story,100000,1594798,2769782,A24,2017
Spider-Man: Homecoming,175000000,334201140,880166350,Sony,2017
Despicable Me 3,75000000,264624300,1034727750,Uni.,2017
The House,40000000,25584504,31192425,WB (NL),2017
Baby Driver,34000000,107825862,228104185,TriS,2017
The Big Sick,5000000,42872467,53972860,LGF,2017
Transformers: The Last Knight,217000000,130168683,602893340,Par.,2017
Rough Night,20000000,22105643,46844357,Sony,2017
All Eyez on Me,45000000,44922302,54876855,LG/S,2017
Cars 3,175000000,152901115,383541369,BV,2017
Captain Underpants: The First Epic Movie,38000000,73921000,126577874,Fox,2017
Churchill,10000000,1279681,7582196,Cohen,2017
Wonder Woman,150000000,412563408,821133378,WB,2017
Pirates of the Caribbean: Dead Men Tell No Tales,230000000,172558876,788241137,BV,2017
Baywatch,60000000,58060186,175863783,Par.,2017
Alien: Covenant,97000000,74262031,238521247,Fox,2017
Diary of a Wimpy Kid: The Long Haul,22000000,20738724,35609577,Fox,2017
"Everything, Everything",10000000,34121140,61603136,WB,2017
The Wall,3000000,1803064,4495262,RAtt.,2017
King Arthur: Legend of the Sword,175000000,39175066,139630336,WB,2017
Snatched,42000000,45852178,57852177,Fox,2017
Baahubali 2: The Conclusion,30000000,18985794,263502914,GrtIndia,2017
Free Fire,10000000,1799322,3793739,A24,2017
The Lost City of Z,30000000,8574339,17121823,BST,2017
The Fate of the Furious,250000000,225764765,1234846267,Uni.,2017
Smurfs: The Lost Village,60000000,45020282,197578586,Sony,2017
Gifted,7000000,24801212,36964656,FoxS,2017
The Boss Baby,125000000,175003033,510878762,Fox,2017
T2: Trainspotting,18000000,2402004,42091262,TriS,2017
Kong: Skull Island,185000000,168052812,561072059,WB,2017
Table 19,5000000,3614896,4620399,FoxS,2017
Before I Fall,5000000,12241072,18945682,ORF,2017
Collide,29200000,2280004,5466698,ORF,2017
Rock Dog,60000000,9420546,24148488,LG/S,2017
Get Out,5000000,176040665,255367951,Uni.,2017
Fist Fight,25000000,32187017,40286416,WB (NL),2017
The Great Wall,150000000,45157105,334486852,Uni.,2017
Fifty Shades Darker,55000000,114434010,381398492,Uni.,2017
John Wick: Chapter Two,40000000,92029184,171350009,LG/S,2017
Rings,25000000,27793018,82917283,Par.,2017
The Space Between Us,30000000,7885294,16481405,STX,2017
Resident Evil: The Final Chapter,40000000,26844692,314101190,SGem,2017
The Founder,15000000,12786053,24403192,Wein.,2017
Split,5000000,138141585,278964806,Uni.,2017
Monster Trucks,125000000,33370166,61642798,Par.,2017
The Bye Bye Man,7400000,22395806,31187727,STX,2017
A Monster Calls,43000000,3740823,46414530,Focus,2016
Underworld: Blood Wars,35000000,30353973,81209222,SGem,2017
Paterson,5000000,2141423,10727536,BST,2016
Hidden Figures,25000000,169607287,231771716,Fox,2016
Why Him?,38000000,60323786,117425156,Fox,2016
Dangal,9500000,12391761,294654618,UTV,2016
Sing,75000000,270329045,634454789,Uni.,2016
Patriots Day,40000000,31886361,52837989,LGF,2016
Rogue One: A Star Wars Story,200000000,532177324,1049102856,BV,2016
Fences,24000000,57682904,64282881,Par.,2016
Collateral Beauty,36000000,31016021,85309093,WB (NL),2016
Office Christmas Party,45000000,54767494,91323299,Par.,2016
La La Land,20000000,151101803,426351163,LG/S,2016
Incarnate,5000000,4799774,9371036,BH Tilt,2016
Jackie,9000000,13960394,36588512,FoxS,2016
Believe,3500000,890303,890303,ORF,2013
Miss Sloane,18000000,3500605,7719630,EC,2016
Lion,12000000,51739495,149570720,Wein.,2016
Allied,106000000,40098064,119266661,Par.,2016
Moana,150000000,248757044,637517365,BV,2016
The Edge of Seventeen,9000000,14431633,19096003,STX,2016
A Street Cat Named Bob,8000000,82703,17382693,Cleopatra,2016
Manchester by the Sea,8500000,47695371,77733867,RAtt.,2016
Bleed for This,16000000,5083906,6603926,ORF,2016
Nocturnal Animals,22500000,10663357,32398681,Focus,2016
Almost Christmas,17000000,42065185,42493506,Uni.,2016
Arrival,47000000,100546139,203127894,Par.,2016
Shut In,10000000,6900335,11360665,EC,2016
Trolls,125000000,153707064,344150134,Fox,2016
Loving,9000000,7710234,12898064,Focus,2016
Hacksaw Ridge,40000000,67209615,168904682,LGF,2016
Doctor Strange,165000000,232641920,676404566,BV,2016
Inferno,75000000,34343574,219519367,Sony,2016
Jack Reacher: Never Go Back,60000000,58697076,159946489,Par.,2016
Ouija: Origin of Evil,9000000,35144505,81831866,Uni.,2016
Max Steel,10000000,3818664,4563080,ORF,2016
The Accountant,40000000,86260045,152962083,WB,2016
The Girl on the Train,45000000,75395035,174278214,Strand,2010
Middle School: The Worst Years of My Life,8500000,20007149,23311293,LGF,2016
Deepwater Horizon,156000000,61433527,122603824,LG/S,2016
American Honey,3500000,663247,2611750,A24,2016
Denial,10000000,4073448,9263940,BST,2016
The Dressmaker,11900000,2022115,24041617,BG,2016
Storks,70000000,72679278,183353431,WB,2016
Queen of Katwe,15000000,8874389,10055481,BV,2016
Blair Witch,10000000,20777061,38985577,LGF,2016
Snowden,50000000,21587519,35380918,ORF,2016
When the Bough Breaks,10000000,29747603,30768449,SGem,2016
Sully,60000000,125070033,238524556,WB,2016
The Disappointments Room,15000000,2423467,3503761,Rela.,2016
Morgan,8000000,3915251,7298786,Fox,2016
The Light Between Oceans,20000000,12545979,22281732,BV,2016
Mechanic: Resurrection,40000000,21218403,109738840,LG/S,2016
Hands of Stone,20000000,4712792,5031975,Wein.,2016
Kubo and the Two Strings,55000000,48023088,77548122,Focus,2016
War Dogs,50000000,43034523,86234503,WB,2016
Hell or High Water,12000000,27007844,37584304,LGF,2016
Sausage Party,19000000,97670358,141344255,Sony,2016
Florence Foster Jenkins,29000000,27383770,56000339,Par.,2016
Operation Chromite,12700000,1022720,49196532,CJ,2016
Suicide Squad,175000000,325100054,746059887,WB,2016
Jason Bourne,120000000,162192920,416168316,Uni.,2016
Bad Moms,20000000,113257297,180998716,STX,2016
Nerve,20000000,38583626,70652284,LGF,2016
Ice Age: Collision Course,105000000,64063008,402156682,Fox,2016
Star Trek Beyond,185000000,158848340,335802233,Par.,2016
Lights Out,5000000,67268835,148806510,WB (NL),2016
The Infiltrator,47500000,15436808,20718104,BG,2016
The Secret Life of Pets,75000000,368384330,886750534,Uni.,2016
Mike and Dave Need Wedding Dates,33000000,46009673,75898100,Fox,2016
Sultan,11000000,5599781,72989781,Yash,2016
The Purge: Election Year,10000000,79042440,118514727,Uni.,2016
The BFG,140000000,55483770,199646680,BV,2016
The Legend of Tarzan,180000000,126643061,348902025,WB,2016
Swiss Army Man,3000000,4210454,5837111,A24,2016
Independence Day: Resurgence,165000000,103144286,384169424,Fox,2016
The Neon Demon,7500000,1333124,3559803,BG,2016
Hunt for the Wilderpeople,2500000,5205471,23845533,Orch.,2016
Free State of Jones,50000000,20810036,23237252,STX,2016
The Shallows,13000000,55121623,118763442,Sony,2016
Central Intelligence,50000000,127440871,217194805,WB (NL),2016
Finding Dory,200000000,486295561,1021215193,BV,2016
Now You See Me 2,90000000,65075540,328325007,LG/S,2016
Warcraft,160000000,47225655,425522281,Uni.,2016
Genius,17000000,1361045,7265283,RAtt.,2016
Teenage Mutant Ninja Turtles: Out of the Shadows,135000000,82051601,245328374,Par.,2016
Me Before You,20000000,56245075,208265198,WB (NL),2016
Alice Through the Looking Glass,170000000,77042381,276928112,BV,2016
X-Men: Apocalypse,178000000,155442489,542537546,Fox,2016
The Nice Guys,50000000,36261763,59596747,WB,2016
Neighbors 2: Sorority Rising,35000000,55340730,108757621,Uni.,2016
The Angry Birds Movie,73000000,107509366,352327887,Sony,2016
The Darkness,4000000,10753574,10898293,BH Tilt,2016
Money Monster,27000000,41012075,93466095,TriS,2016
Dheepan,9000000,248795,7704357,IFC,2016
Captain America: Civil War,250000000,408084349,1140069413,BV,2016
The Man Who Knew Infinity,10000000,3877922,12382122,IFC,2016
Keanu,15000000,20591853,20688141,WB (NL),2016
A Hologram for the King,35000000,4212494,11846010,RAtt.,2016
Compadres,3000000,3127773,7445044,PNT,2016
The Meddler,3200000,4267219,5526942,SPC,2016
Green Room,5000000,3220371,3807503,A24,2016
Barbershop: The Next Cut,20000000,54030051,54404202,WB (NL),2016
The Invitation,1000000,231738,354836,Drft.,2016
The Boss,29000000,63077560,78652207,Uni.,2016
Hardcore Henry,2000000,9252038,17187434,STX,2016
Batman v Superman: Dawn of Justice,250000000,330360194,867500281,WB,2016
My Big Fat Greek Wedding 2,18000000,59689605,92096558,Uni.,2016
The Divergent Series: Allegiant,110000000,66184051,172022517,LG/S,2016
Midnight Special,18000000,3712282,7680250,WB,2016
Miracles from Heaven,13000000,61705123,73798736,TriS,2016
The Brothers Grimsby,35000000,6864016,28720470,Sony,2016
The Young Messiah,16800000,6469813,7313697,Focus,2016
"Hello, My Name is Doris",1000000,14444999,14662703,RAtt.,2016
10 Cloverfield Lane,5000000,72082999,108286422,Par.,2016
Eye in the Sky,13000000,18704596,35402802,BST,2016
The Perfect Match,5000000,9669521,10182050,LGF,2016
Zootopia,150000000,341268248,1019429616,BV,2016
They Will Have to Kill Us First,600000,0,7943,BBC,2016
London Has Fallen,60000000,62524260,195194085,Focus,2016
Whiskey Tango Foxtrot,35000000,23083334,25350747,Par.,2016
The Other Side of the Door,5000000,3000342,12905107,Fox,2016
Triple 9,20000000,12639297,25943792,ORF,2016
Gods of Egypt,140000000,31153464,138836756,LG/S,2016
Eddie the Eagle,23000000,15789389,45060480,Fox,2016
The Witch,3500000,25138705,40454520,A24,2016
Risen,20000000,36880033,46255763,Sony,2016
The Little Prince,77500000,1311213,102028919,EOne,2016
Zoolander 2,50000000,28848693,55348693,Par.,2016
Deadpool,58000000,363070709,801025593,Fox,2016
Pride and Prejudice and Zombies,28000000,10907291,16638300,SGem,2016
"Hail, Caesar!",22000000,30080225,64160680,Uni.,2016
Fifty Shades of Black,5000000,11686940,22113075,ORF,2016
The Finest Hours,70000000,27569558,49252761,BV,2016
Kung Fu Panda 3,140000000,143528619,517599142,Fox,2016
Jane Got a Gun,25000000,1513793,3771345,Wein.,2016
Dirty Grandpa,11500000,35593113,105078449,LGF,2016
The 5th Wave,38000000,34912982,111336398,Sony,2016
Eden,2300000,0,0,BG,2015
Ride Along 2,40000000,90862685,124827316,Uni.,2016
13 Hours: The Secret Soldiers of Benghazi,50000000,52853219,69411370,Par.,2016
Norm of the North,18000000,17062499,30535660,LGF,2016
The Lady in the Van,6000000,10021175,42320503,SPC,2015
The Forest,10000000,26594261,40749230,Focus,2016
Anomalisa,8000000,3759286,5706168,Par.,2015
The Revenant,135000000,183637894,532938302,Fox,2015
The Hateful Eight,62000000,54117416,147864886,Wein.,2015
Joy,60000000,56451232,101134059,Fox,2015
Alvin and the Chipmunks: The Road Chip,90000000,85886987,249517956,Fox,2015
Sisters,30000000,87044645,106030660,Uni.,2015
In the Heart of the Sea,100000000,25020758,89693309,WB,2015
The Big Short,28000000,70259870,133162752,Par.,2015
Krampus,15000000,42725475,61788393,Uni.,2015
Youth,13000000,2703296,24001573,FoxS,2015
Victor Frankenstein,40000000,5775076,31124367,Fox,2015
Creed,37000000,109767581,173567581,WB (NL),2015
The Good Dinosaur,187500000,123087120,333771037,BV,2015
The Night Before,25000000,43035725,52427346,Sony,2015
Legend,25000000,1872994,42425450,Uni.,2015
Mustang,1400000,845464,5552584,Cohen,2015
Carol,11800000,12711491,42843521,Wein.,2015
The Hunger Games: Mockingjay - Part 2,160000000,281723902,648986787,LGF,2015
By the Sea,20000000,538460,3727746,Uni.,2015
Love the Coopers,18000000,26302731,42227490,LGF,2015
The 33,25000000,12227722,28400715,WB,2015
The Peanuts Movie,99000000,130178411,250091610,Fox,2015
Spectre,300000000,200074175,879620923,Sony,2015
Spotlight,20000000,45055776,92088460,ORF,2015
Brooklyn,11000000,38322743,62076141,FoxS,2015
Regression,20000000,55039,15824374,W/Dim.,2016
Scouts Guide to the Zombie Apocalypse,15000000,3703046,15554855,Par.,2015
Burnt,20000000,13651946,36773510,Wein.,2015
Suffragette,14000000,4702420,34044909,Focus,2015
The Last Witch Hunter,80000000,27367660,130818912,LG/S,2015
Jem and the Holograms,5000000,2184640,2368937,Uni.,2015
Paranormal Activity: The Ghost Dimension,10000000,18297124,77959374,Par.,2015
Crimson Peak,55000000,31090320,74966854,Uni.,2015
Bridge of Spies,40000000,72313754,162498338,BV,2015
Goosebumps,58000000,80069458,158905324,Sony,2015
Room,13000000,14677674,36262783,A24,2015
Woodlawn,13000000,14394097,14403703,PFR,2015
Knock Knock,2000000,36336,6328516,LGP,2015
Trash,12000000,17484,6553186,FCW,2015
Pan,150000000,35088320,151525973,WB,2015
Steve Jobs,30000000,17766658,35579007,Uni.,2015
The Martian,108000000,228433663,655271443,Fox,2015
Shanghai,50000000,46425,15505922,Wein.,2015
Freeheld,7000000,546201,1732228,LGF,2015
The Walk,35000000,10161183,61492104,TriS,2015
Hotel Transylvania 2,80000000,169700110,469500298,Sony,2015
The Green Inferno,1000000,7192291,12931420,BH Tilt,2015
The Intern,40000000,75764672,197115710,WB,2015
Sicario,30000000,46889293,84393749,LGF,2015
Maze Runner: The Scorch Trials,61000000,81697192,310566162,Fox,2015
Black Mass,53000000,62575678,98837872,WB,2015
The Perfect Guy,18000000,57027435,60278166,SGem,2015
The Visit,5000000,65206105,98677816,Uni.,2015
The Transporter Refueled,22000000,16029670,69698495,EC,2015
Before We Go,3000000,37151,483938,RTWC,2015
A Walk in the Woods,8000000,29499394,37119358,BG,2015
War Room,3000000,67790117,73975239,TriS,2015
We Are Your Friends,2000000,3591417,10153415,WB,2015
No Escape,5000000,27288872,42844516,Wein.,2015
American Ultra,28000000,14439985,30295028,LGF,2015
Hitman: Agent 47,35000000,22467450,82182803,Fox,2015
Sinister 2,10000000,27740955,54104225,Focus,2015
The Man From U.N.C.L.E.,75000000,45445109,104949584,WB,2015
Straight Outta Compton,28000000,161197785,202182981,Uni.,2015
Ricki and the Flash,18000000,26839498,41166033,TriS,2015
The Diary of a Teenage Girl,2000000,1477002,2279959,SPC,2015
Fantastic Four,120000000,56117548,167849187,Fox,2015
Vacation,31000000,58884188,102306500,WB (NL),2015
Pixels,90000000,78765986,244041804,Sony,2015
The Vatican Tapes,13000000,1784763,14929184,LGF,2015
Southpaw,30000000,52421953,94156456,Wein.,2015
Paper Towns,12000000,32000304,85450484,Fox,2015
Bajrangi Bhaijaan,13000000,8178001,121778347,Eros,2015
Ant-Man,130000000,180202163,518858449,BV,2015
Trainwreck,35000000,110212700,141123897,Uni.,2015
The Gallows,100000,22764410,41656474,WB (NL),2015
Minions,74000000,336045770,1160336173,Uni.,2015
Strangerland,10000000,17472,161097,Alc,2015
Baahubali: The Beginning,40000000,6738000,26736665,BSC,2015
Self/Less,26000000,12279691,33667319,Focus,2015
Terminator: Genisys,155000000,89760956,432150894,Par.,2015
Magic Mike XXL,14500000,66013057,123660597,WB,2015
Ted 2,68000000,81476385,217214143,Uni.,2015
Escobar: Paradise Lost,17000000,195792,3917679,RTWC,2015
Dope,7000000,17506470,18190831,ORF,2015
Manglehorn,4000000,132270,797439,IFC,2015
Inside Out,175000000,356461711,854235992,BV,2015
Jurassic World,215000000,652270625,1648854864,Uni.,2015
Me and Earl and the Dying Girl,8000000,6758416,9266180,FoxS,2015
Testament of Youth,10000000,1822250,6646669,SPC,2015
Insidious Chapter 3,10000000,52218558,120453155,Focus,2015
Entourage,30000000,32363404,46438538,WB,2015
Aloha,37000000,21052030,25387091,Sony,2015
San Andreas,110000000,155190832,456258539,WB (NL),2015
Tomorrowland,170000000,93436322,206627518,BV,2015
Mad Max: Fury Road,150000000,153636354,370098020,WB,2015
Pitch Perfect 2,29000000,184296230,287625468,Uni.,2015
Hot Pursuit,35000000,34580201,45671512,WB (NL),2015
Maggie,4500000,187112,1027760,RAtt.,2015
The D Train,3000000,669688,772366,IFC,2015
Skin Trade,9000000,1242,1242,Magn.,2015
Avengers: Age of Ultron,330600000,459005868,1403013963,BV,2015
The Water Diviner,22500000,4200117,31054727,WB,2015
Little Boy,20000000,6485961,17769299,ORF,2015
The Age of Adaline,30000000,42629776,68984536,LGF,2015
Paul Blart: Mall Cop 2,38000000,71091594,107650646,Sony,2015
Unfriended,1000000,32789645,64364198,Uni.,2015
Child 44,50000000,1224330,8004221,LG/S,2015
Desert Dancer,4000000,155271,596335,Rela.,2015
Ex Machina,13000000,25440971,38358392,A24,2015
The Longest Ride,34000000,37446117,63802928,Fox,2015
Furious 7,190000000,353007020,1518722794,Uni.,2015
Woman in Gold,11000000,33307793,58586407,Wein.,2015
Get Hard,40000000,90411453,106511453,WB,2015
While We're Young,10000000,7582065,17503828,A24,2015
Do You Believe?,2300000,12985600,14304931,PFR,2015
The Gunman,40000000,10664749,18594227,ORF,2015
Danny Collins,10000000,5637066,8465845,BST,2015
The Divergent Series: Insurgent,110000000,130179072,295075882,LG/S,2015
Run All Night,50000000,26461644,66961644,WB,2015
It Follows,2000000,14674077,23250755,RTWC,2015
The Second Best Exotic Marigold Hotel,10000000,33078266,90384306,FoxS,2015
Unfinished Business,35000000,10219501,13214051,Fox,2015
Chappie,49000000,31569268,105002056,Sony,2015
The Lazarus Effect,5000000,25801570,38359310,Rela.,2015
The DUFF,8500000,34030343,43528634,LGF,2015
Hot Tub Time Machine 2,14000000,12314651,12826644,Par.,2015
"McFarland, USA",17000000,44480275,45707924,BV,2015
Kingsman: The Secret Service,94000000,128261724,404561724,Fox,2015
Fifty Shades of Grey,40000000,166167230,570998101,Uni.,2015
Jupiter Ascending,179000000,47482519,181982519,WB,2015
Seventh Son,95000000,17725785,108874967,Uni.,2015
The SpongeBob Movie: Sponge Out of Water,74000000,162994032,311013181,Par.,2015
Black or White,9000000,21571189,21971021,Rela.,2015
Project Almanac,12000000,22348241,32909437,Par.,2015
The Boy Next Door,4000000,36006065,53401938,Uni.,2015
Mortdecai,60000000,7696134,30396134,LGF,2015
Song One,6000000,32251,437089,TFA,2015
Mommy,4900000,3498695,17536004,RAtt.,2014
The Wedding Ringer,23000000,64460211,80171596,SGem,2015
Blackhat,70000000,8005980,19665004,Uni.,2015
Still Alice,5000000,18656400,41699612,SPC,2015
Paddington,55000000,76223578,258789097,W/Dim.,2015
Selma,20000000,52076908,66776576,Par.,2014
Taken 3,48000000,89256424,327656424,Fox,2015
A Most Violent Year,20000000,5749134,8846875,A24,2014
Unbroken,65000000,115637895,163527824,Uni.,2014
American Sniper,58000000,350126372,547326372,WB,2014
Into the Woods,56200000,128002372,213116401,BV,2014
Big Eyes,10000000,14482031,27317872,Wein.,2014
Mr. Turner,14000000,3958546,25187026,SPC,2014
Night at the Museum: Secret of the Tomb,127000000,113746621,353756621,Fox,2014
The Hobbit: The Battle of the Five Armies,250000000,255119788,945577621,WB (NL),2014
Top Five,12000000,25317379,26001741,Par.,2014
Inherent Vice,20000000,8110975,14772346,WB,2014
Exodus: Gods and Kings,140000000,65014513,268314513,Fox,2014
The Gambler,25000000,33680992,38718031,Par.,2014
The Imitation Game,15000000,91125143,227740463,Wein.,2014
The Babadook,2000000,950792,7482387,IFC,2014
Penguins of Madagascar,132000000,83350911,366942531,Fox,2014
Horrible Bosses 2,40000000,54445357,105945357,WB,2014
The Hunger Games: Mockingjay - Part 1,125000000,337135885,766575131,LGF,2014
Rosewater,10000000,3128941,3185717,ORF,2014
The Homesman,16000000,2429989,8217571,Saban,2014
Dumb and Dumber To,40000000,86208010,156553592,Uni.,2014
Wolves,18000000,0,94953,KE,2014
Big Hero 6,165000000,222527828,652127828,BV,2014
The Theory of Everything,15000000,35893537,123327692,Focus,2014
Interstellar,165000000,188017894,666379375,Par.,2014
Nightcrawler,8500000,32381218,50334418,ORF,2014
John Wick,30000000,43037835,76235001,LG/S,2014
Ouija,5000000,50856010,103300632,Uni.,2014
The Best of Me,26000000,26766213,41059418,Rela.,2014
Camp X-Ray,1000000,9837,101053,IFC,2014
Rudderless,5000000,56001,567219,Gold.,2014
Dear White People,1250000,4404154,5403771,RAtt.,2014
Whiplash,3300000,13092006,38969037,SPC,2014
Dracula Untold,70000000,55991880,220241723,Uni.,2014
"Alexander and the Terrible, Horrible, No Good, Very Bad Day",28000000,66954149,101379287,BV,2014
The Judge,50000000,47119388,76119388,WB,2014
St. Vincent,13000000,44137712,54837234,Wein.,2014
Kill the Messenger,5000000,2450846,6656705,Focus,2014
Addicted,5000000,17390770,17499242,LGF,2014
Gone Girl,61000000,167767189,368567189,Fox,2014
Annabelle,6500000,84273813,256862920,WB (NL),2014
The Boxtrolls,60000000,50837305,111946251,Focus,2014
Two Night Stand,1600000,15600,868081,EOne,2014
The Equalizer,55000000,101530738,192903624,Sony,2014
Tusk,3000000,1821983,1887554,A24,2014
The Maze Runner,34000000,102427862,348319861,Fox,2014
This is Where I Leave You,20000000,34296320,41296320,WB,2014
A Walk Among the Tombstones,28000000,26017685,62108587,Uni.,2014
The Drop,12600000,10724389,19054534,FoxS,2014
The Skeleton Twins,1000000,5284309,5797192,RAtt.,2014
Dolphin Tale 2,36000000,42024533,57824533,WB,2014
Falcon Rising,4500000,11774,11774,Free,2014
The November Man,15000000,25018119,34820335,Rela.,2014
If I Stay,11000000,50474843,78356170,WB (NL),2014
When the Game Stands Tall,15000000,30127963,30138912,TriS,2014
The Expendables 3,100000000,39322544,209461378,LGF,2014
The Giver,25000000,45090374,66540205,Wein.,2014
The Hundred-Foot Journey,22000000,54235441,94270488,BV,2014
Guardians of the Galaxy,170000000,333172112,770867516,BV,2014
A Most Wanted Man,15000000,17237855,36068890,RAtt.,2014
And So It Goes,18000000,15160801,17920013,CE,2014
Lucy,40000000,126573960,457507776,Uni.,2014
The Purge: Anarchy,9000000,71562550,111534881,Uni.,2014
Wish I Was Here,6000000,3591299,6591365,Focus,2014
Sex Tape,40000000,38543473,126069509,Sony,2014
I Origins,1000000,336472,852399,FoxS,2014
Boyhood,4000000,25379975,57273049,IFC,2014
Dawn of the Planet of the Apes,170000000,208545589,710644566,Fox,2014
Earth to Echo,13000000,38934842,42174545,Rela.,2014
Tammy,20000000,84525432,96407655,WB (NL),2014
Snowpiercer,40000000,4563029,88069880,RTWC,2014
Transformers: Age of Extinction,210000000,245439076,1104039076,Par.,2014
Begin Again,8000000,16170632,68838736,Wein.,2014
Jersey Boys,40000000,47047013,65282732,WB,2014
Think Like a Man Too,24000000,65028687,70027933,SGem,2014
The Rover,8500000,1109199,3180252,A24,2014
22 Jump Street,50000000,191719337,331333876,Sony,2014
How to Train Your Dragon 2,145000000,177002924,614586270,Fox,2014
Obvious Child,1000000,3122616,3324070,A24,2014
Anna,4357373,0,1200000,VE,2014
Edge of Tomorrow,178000000,100206256,370541256,WB,2014
Maleficent,180000000,241407328,758536735,BV,2014
Blended,45000000,46290741,127990741,WB,2014
X-Men: Days of Future Past,200000000,233921534,747862775,Fox,2014
Million Dollar Arm,25000000,36447959,39217912,BV,2014
The Immigrant,16000000,2013456,7585011,Wein.,2014
Neighbors,18000000,150086800,270944428,Uni.,2014
Palo Alto,1000000,767732,1156309,Trib.,2014
Ida,2600000,3827060,15298355,MBox,2014
The Amazing Spider-Man 2,200000000,202853933,708996336,Sony,2014
Locke,2000000,1370646,2088390,A24,2014
Brick Mansions,28000000,20396829,73421224,Rela.,2014
The Other Woman,40000000,83911193,195111193,IFC,2011
A Haunted House 2,4000000,17329487,21206861,ORF,2014
Transcendence,100000000,23022309,103039258,WB,2014
13 Sins,4000000,9134,47552,RTWC,2014
Heaven is for Real,12000000,91386097,100916299,TriS,2014
Oculus,5000000,27695246,44115496,Rela.,2014
Rio 2,130000000,131538435,492846291,Fox,2014
Draft Day,25000000,28842237,29847480,LG/S,2014
The Railway Man,18000000,4438438,23910210,Wein.,2014
Captain America: The Winter Soldier,170000000,259746958,714401889,BV,2014
Dom Hemingway,7000000,523511,1857458,FoxS,2014
Noah,130000000,101200044,352831065,Par.,2014
Blood Ties,26000000,42472,2923959,ALP,2011
Divergent,85000000,150947895,276014965,LG/S,2014
Muppets Most Wanted,55000000,51178893,79312301,BV,2014
Need for Speed,66000000,43568507,194169619,BV,2014
Veronica Mars,6000000,3322127,3485383,WB,2014
The Grand Budapest Hotel,31000000,59076019,163981261,FoxS,2014
Mr. Peabody & Sherman,145000000,111506430,269806430,Fox,2014
The Face of Love,4000000,385069,1158877,IFC,2014
The Lunchbox,1700000,4231500,12231500,SPC,2014
Son of God,22000000,59700064,70949793,Fox,2014
Non-Stop,50000000,91742160,222383055,Uni.,2014
3 Days to Kill,28000000,30697999,38959900,Rela.,2014
Pompeii,80000000,23169033,108469033,TriS,2014
The Monuments Men,70000000,78031620,158702748,Sony,2014
Labor Day,18000000,13371528,14189810,Par.,2014
That Awkward Moment,8000000,26068955,53068955,Focus,2014
"I, Frankenstein",65000000,19075290,74575290,LGF,2014
Jack Ryan: Shadow Recruit,60000000,50577412,131377412,Par.,2014
The Nut Job,30000000,64251538,122529966,ORF,2014
Devil's Due,7000000,15821461,36146087,Fox,2014
Ride Along,25000000,134202565,153733800,Uni.,2014
The Legend of Hercules,70000000,18848538,58953319,LG/S,2014
Paranormal Activity: The Marked Ones,5000000,32462372,90904854,Par.,2014
The Wolf of Wall Street,100000000,116900694,389870414,Par.,2013
Lone Survivor,40000000,125095601,149804632,Uni.,2013
Grudge Match,40000000,29807260,69807260,WB,2013
August: Osage County,25000000,37738810,50738810,Wein.,2013
47 Ronin,175000000,38362475,151716815,Uni.,2013
The Secret Life of Walter Mitty,91000000,58236838,187861183,Fox,2013
Dhoom 3,24000000,8031955,11723620,Yash,2013
Walking with Dinosaurs,80000000,36076121,123368842,Fox,2013
Anchorman 2: The Legend Continues,50000000,127352707,172185754,Par.,2013
Saving Mr. Banks,35000000,83299761,114962525,BV,2013
Tyler Perry's A Madea Christmas,25000000,52543354,52543354,LGF,2013
American Hustle,40000000,150117807,257878294,Sony,2013
The Hobbit: The Desolation of Smaug,250000000,258366855,960366855,WB (NL),2013
Inside Llewyn Davis,11000000,13248209,32943247,CBS,2013
Khumba,15000000,0,20898221,MNE,2013
Out of the Furnace,22000000,11330849,15434375,Rela.,2013
Mandela: Long Walk to Freedom,35000000,8323085,29890402,Wein.,2013
Homefront,22000000,20158492,51695362,ORF,2013
Black Nativity,17500000,7018188,7285135,FoxS,2013
The Hunger Games: Catching Fire,130000000,424668047,864868047,LGF,2013
Frozen,150000000,400738009,1272469910,BV,2013
Delivery Man,22000000,30659817,70536870,BV,2013
Philomena,12000000,37709979,98963392,Wein.,2013
The Christmas Candle,7000000,1632000,1933829,ELS,2013
The Best Man Holiday,17000000,70525195,72835710,Uni.,2013
Nebraska,12000000,17654912,24761360,Par.,2013
The Book Thief,19000000,21488481,76086711,Fox,2013
Thor: The Dark World,150000000,206362140,644602516,BV,2013
Free Birds,55000000,55750480,110387072,Rela.,2013
About Time,12000000,15323921,89309178,Uni.,2013
Ender's Game,110000000,61737191,127983283,LG/S,2013
Mr. Nobody,46500000,3622,22254,Magn.,2013
Dallas Buyers Club,5000000,27298285,60611845,Focus,2013
The Counselor,25000000,16973715,71009334,Fox,2013
Jackass Presents: Bad Grandpa,15000000,102003019,160903019,Par.,2013
The Square,1500000,124244,176262,Magn.,2017
Escape Plan,70000000,25135965,103735965,LG/S,2013
The Fifth Estate,26000000,3254172,6154172,BV,2013
12 Years a Slave,20000000,56671993,181025343,FoxS,2013
Machete Kills,20000000,8008161,18273009,ORF,2013
Captain Phillips,55000000,107136417,220648184,Sony,2013
All the Boys Love Mandy Lane,750000,0,1960521,RTWC,2013
Gravity,110000000,274092705,693698673,WB,2013
Runner Runner,30000000,19316646,60512680,Fox,2013
Metallica Through the Never,18000000,3419967,9082906,PH,2013
Baggage Claim,8500000,21569509,22885836,FoxS,2013
Cloudy with a Chance of Meatballs 2,78000000,119793567,274392649,Sony,2013
Don Jon,5500000,24477704,41268579,Rela.,2013
Prisoners,46000000,61002302,113402302,WB,2013
Battle of the Year,20000000,8888355,16723377,SGem,2013
Enough Said,8000000,17550872,25621449,FoxS,2013
Insidious Chapter 2,5000000,83586447,161921515,FD,2013
Riddick,38000000,42025135,94763758,Uni.,2013
One Direction: This is Us,10000000,28873374,68541786,TriS,2013
You're Next,1000000,18494006,26887177,LGF,2013
The World's End,20000000,26004851,47508505,Focus,2013
The Mortal Instruments: City of Bones,60000000,31165421,75965567,SGem,2013
Paranoia,40000000,7388654,16340767,Rela.,2013
Lee Daniels' The Butler,30000000,116632095,177025498,Wein.,2013
Ain't Them Bodies Saints,5000000,391611,1075009,IFC,2013
Kick-Ass 2,28000000,28795985,63129909,Uni.,2013
Jobs,18000000,16131410,43402515,ORF,2013
Elysium,120000000,93050117,286192091,TriS,2013
Percy Jackson: Sea of Monsters,90000000,68559554,200859554,Fox,2013
We're the Millers,37000000,150394119,267816276,WB (NL),2013
The Canyons,250000,59671,62375,IFC,2013
2 Guns,61000000,75612460,132493015,Uni.,2013
The Spectacular Now,2500000,6852971,6916951,A24,2013
The Smurfs 2,110000000,71017784,348547523,Sony,2013
Blue Jasmine,18000000,33404871,102912961,SPC,2013
The Wolverine,115000000,132556852,416456852,Fox,2013
The Conjuring,20000000,137400141,318000141,WB (NL),2013
Only God Forgives,4800000,775849,4494560,RTWC,2013
R.I.P.D.,130000000,33618855,79076678,Uni.,2013
Turbo,135000000,83028130,286896578,Fox,2013
Pacific Rim,190000000,101802906,411002906,WB,2013
Fruitvale Station,900000,16098998,17549645,Wein.,2013
Grown Ups 2,80000000,133668525,247023808,Sony,2013
Despicable Me 2,76000000,368065385,975216835,Uni.,2013
Kevin Hart: Let Me Explain,2500000,32244051,32327255,LG/S,2013
The Lone Ranger,275000000,89302115,260002115,BV,2013
White House Down,150000000,73103784,205440387,Sony,2013
The Heat,43000000,159581587,229727774,Fox,2013
World War Z,190000000,202359711,531514650,Par.,2013
Monsters University,200000000,268488329,743588329,BV,2013
Man of Steel,225000000,291045518,667999518,WB,2013
This is the End,32000000,101470202,126539117,Sony,2013
The Internship,58000000,44672764,93672764,Fox,2013
The Purge,3000000,64473115,91266581,Uni.,2013
After Earth,130000000,60522097,251499665,Sony,2013
The East,6500000,2274649,3027956,FoxS,2013
Now You See Me,75000000,117723989,342769200,LG/S,2013
Yeh Jawaani Hai Deewani,8300000,3827466,50827466,Eros,2013
Before Midnight,3000000,8110621,23251930,SPC,2013
Epic,100000000,107518682,262794441,Fox,2013
Frances Ha,3000000,4067398,11262769,IFC,2013
Star Trek Into Darkness,190000000,228778661,467381584,Par.,2013
Iron Man 3,200000000,408992272,1215392272,BV,2013
Mud,10000000,21590086,31556959,RAtt.,2013
The Reluctant Fundamentalist,15000000,528731,528731,IFC,2013
The Big Wedding,32500000,21819348,48425971,LGF,2013
Oblivion,120000000,89107235,287916633,Uni.,2013
Trance,16000000,2322593,22594052,FoxS,2013
The Place Beyond the Pines,15000000,21403519,47011449,Focus,2013
G.I. Joe: Retaliation,140000000,122523060,375740705,Par.,2013
Olympus Has Fallen,70000000,98927592,172878928,FD,2013
Admission,13000000,18007317,18733666,Focus,2013
The Sapphires,9000000,2450867,20395040,Wein.,2013
On the Road,25000000,720828,9313302,IFC,2012
The Croods,135000000,187168425,573068425,Fox,2013
The Incredible Burt Wonderstone,32000000,22537881,27392609,WB (NL),2013
Spring Breakers,5000000,14124286,31149251,A24,2013
The Call,12800000,51872378,69821476,TriS,2013
Upside Down,50000000,102118,26387039,MNE,2013
Dead Man Down,30000000,10895295,19599974,FD,2013
Stoker,12000000,1703125,12034913,FoxS,2013
Jack the Giant Slayer,195000000,65187603,197687603,WB (NL),2013
21 and Over,13000000,25682380,42195766,Rela.,2013
The Last Exorcism Part II,4000000,15179303,25448707,CBS,2013
The Sweeney,4500000,26345,8000366,EOne,2013
Snitch,15000000,42930462,57907734,LG/S,2013
Dark Skies,3500000,17418667,27704111,W/Dim.,2013
Escape From Planet Earth,40000000,57012977,74156610,Wein.,2013
A Good Day to Die Hard,92000000,67349198,304249198,Fox,2013
Safe Haven,28000000,71399120,94050951,Rela.,2013
Identity Thief,35000000,134506920,175361578,Uni.,2013
ABCD (Any Body Can Dance),1900000,222098,10137234,UTV,2013
Bullet to the Head,55000000,9489829,22597969,WB,2013
Warm Bodies,30000000,66380662,115121608,LG/S,2013
Last Vegas,28000000,63914167,112914167,CBS,2013
Movie 43,10000000,8840453,31164747,Rela.,2013
Parker,35000000,17616641,48543388,FD,2013
Broken City,35000000,19701164,34480045,Fox,2013
The Last Stand,30000000,12050299,48330757,LGF,2013
Mama,15000000,71628180,148095566,Uni.,2013
Gangster Squad,60000000,46000903,104100903,WB,2013
A Haunted House,2500000,40041683,59922558,ORF,2013
Quartet,11000000,18388357,56178935,Wein.,2013
Texas Chainsaw 3D,20000000,34341945,47666013,LGF,2013
Parental Guidance,25000000,77267296,120832383,Fox,2012
Django Unchained,100000000,162805434,449948323,Wein.,2012
Jack Reacher,60000000,80070736,217370736,Par.,2012
The Impossible,40000000,19019882,169590606,LG/S,2012
The Guilt Trip,40000000,37134215,41294674,Par.,2012
Zero Dark Thirty,52500000,95720716,134612435,Sony,2012
Amour,9700000,6738954,36787044,SPC,2012
The Hobbit: An Unexpected Journey,250000000,303003568,1017003568,WB (NL),2012
Khiladi 786,5600000,385422,14683763,Eros,2012
Killing Them Softly,15000000,14945541,39238443,Wein.,2012
The Collection,10000000,6810754,8890094,LD,2012
Life of Pi,120000000,124987022,620912003,Fox,2012
Rise of the Guardians,145000000,103412758,306900902,P/DW,2012
Anna Karenina,49000000,12816367,71004627,Focus,2012
Silver Linings Playbook,21000000,132092958,236412453,Wein.,2012
Jab Tak Hai Jaan,9200000,3047539,5806666,Yash,2012
Lincoln,65000000,182207973,273346281,BV,2012
Skyfall,200000000,304360277,1110526981,Sony,2012
Flight,31000000,93772375,160558438,Par.,2012
The Man with the Iron Fists,15000000,15634090,22018988,Uni.,2012
Wreck-It Ralph,165000000,189412677,496511521,BV,2012
Chasing Mavericks,20000000,6002756,8300821,Fox,2012
Silent Hill: Revelation 3D,20000000,17530219,55975672,ORF,2012
Fun Size,14000000,9409538,11166615,Par.,2012
Cloud Atlas,102000000,27108272,130673154,WB,2012
Alex Cross,35000000,25888412,35426759,LG/S,2012
The First Time,2000000,17061,17061,Gold.,2012
The Sessions,1000000,6002451,11495204,FoxS,2012
Paranormal Activity 4,5000000,53900335,142817992,Par.,2012
Holy Motors,4000000,641054,4230426,IM,2012
Here Comes the Boom,42000000,45290318,73239258,Sony,2012
Seven Psychopaths,13500000,15024049,33035736,CBS,2012
Argo,44500000,136025503,227140757,WB,2012
Sinister,3000000,48086903,87727807,LG/S,2012
The Paperboy,12500000,677200,4027663,MNE,2012
Taken 2,45000000,139854287,377807404,Fox,2012
Frankenweenie,39000000,35287788,81150788,BV,2012
Pitch Perfect,17000000,65001093,116044347,Uni.,2012
Won't Back Down,19000000,5310554,5745503,Fox,2012
Looper,30000000,66486205,170466405,TriS,2012
Hotel Transylvania,85000000,148313048,378505812,Sony,2012
Trouble with the Curve,60000000,35763137,47818913,WB,2012
The Perks of Being a Wallflower,13000000,17742948,33069303,LG/S,2012
End of Watch,15000000,41003371,57586606,ORF,2012
Dredd,45000000,13414714,41467606,LGF,2012
Arbitrage,12000000,7919574,35830713,RAtt.,2012
The Master,37500000,16247159,50647416,Wein.,2012
Resident Evil: Retribution,65000000,42345531,240647629,SGem,2012
The Cold Light of Day,20000000,3763583,25361206,LG/S,2012
The Words,6000000,11494838,16369708,CBS,2012
Bachelorette,3000000,446770,12577401,RTWC,2012
The Possession,14000000,49130588,82925064,LGF,2012
Lawless,26000000,37397291,54393687,Wein.,2012
The Apparition,17000000,4936819,10637281,WB,2012
Samsara,4000000,2672413,5966671,Osci.,2012
Premium Rush,35000000,20275446,31393201,Sony,2012
Compliance,270000,319285,830700,Magn.,2012
The Expendables 2,100000000,85028192,311979256,LGF,2012
Robot & Frank,2500000,3317468,4934356,Gold.,2012
ParaNorman,60000000,56003051,108119662,Focus,2012
The Odd Life of Timothy Green,40000000,51853450,55249159,BV,2012
The Bourne Legacy,125000000,113203870,280355920,Uni.,2012
The Campaign,95000000,86907746,104907746,WB,2012
Hope Springs,30000000,63536011,133085295,Sony,2012
Diary of a Wimpy Kid: Dog Days,22000000,49008662,77229695,Fox,2012
Celeste and Jesse Forever,840000,3103407,3787689,SPC,2012
Killer Joe,10000000,1291645,4659110,LD,2012
Step Up Revolution,33000000,35074677,165552290,LG/S,2012
The Watch,55000000,34353000,67130045,Fox,2012
The Dark Knight Rises,275000000,448139099,1084439099,WB,2012
Ice Age: Continental Drift,95000000,161321843,879765137,Fox,2012
Katy Perry: Part of Me,12000000,25326071,32700439,Par.,2012
The Amazing Spider-Man,220000000,262030663,757890267,Sony,2012
Magic Mike,7000000,113721571,170549753,WB,2012
Tyler Perry's Madea's Witness Protection,20000000,65653242,66950887,LGF,2012
Ted,50000000,218665740,556016627,Uni.,2012
People Like Us,16000000,12431792,12617472,BV,2012
Beasts of the Southern Wild,1800000,12795746,23265132,FoxS,2012
Seeking a Friend for the End of the World,10000000,7078738,11766959,Focus,2012
To Rome with Love,21500000,16684352,74326015,SPC,2012
Brave,185000000,237282182,554606532,BV,2012
Abraham Lincoln: Vampire Hunter,67500000,37519139,137489730,Fox,2012
That's My Boy,57500000,36931089,58085235,Sony,2012
Rock of Ages,70000000,38518613,61031932,WB (NL),2012
Your Sister's Sister,120000,1597486,3090593,IFC,2012
Safety Not Guaranteed,750000,4010957,4422318,FD,2012
Madagascar 3: Europe's Most Wanted,145000000,216391482,746921271,P/DW,2012
Prometheus,125000000,126477084,402448265,Fox,2012
High School,10000000,139034,248133,Anch.,2012
Snow White and the Huntsman,170000000,155136755,401021746,Uni.,2012
Moonrise Kingdom,16000000,45512466,68848446,Focus,2012
Chernobyl Diaries,1000000,18119640,42411721,WB,2012
Battleship,220000000,65233400,313477717,Uni.,2012
Polisse,8900000,176988,22744132,IFC,2012
What to Expect When You're Expecting,37500000,41152203,88473016,LGF,2012
The Dictator,65000000,59650222,180148897,Par.,2012
Dark Shadows,150000000,79727149,238202668,WB,2012
A Little Bit of Heaven,12500000,10011,1100287,MNE,2012
The Best Exotic Marigold Hotel,10000000,46383639,134639780,FoxS,2012
The Five-Year Engagement,30000000,28700285,61623819,Uni.,2012
The Raven,26000000,16008272,30601801,Rela.,2012
Bernie,6000000,9204489,10106975,MNE,2012
Sound of My Voice,135000,408015,429448,FoxS,2012
The Pirates! Band of Misfits,55000000,31051126,136143605,Sony,2012
Darling Companion,12000000,793352,1200346,SPC,2012
The Lucky One,25000000,60457138,96633833,WB,2012
Think Like a Man,12000000,91547205,113373764,SGem,2012
The Cabin in the Woods,30000000,42073277,70689968,LGF,2012
The Three Stooges,30000000,44338224,54052249,Fox,2012
Lockout,20000000,14326865,33943049,FD,2012
American Reunion,50000000,56758835,236799211,Uni.,2012
Damsels in Distress,3000000,1007535,1324299,SPC,2012
Mirror Mirror,85000000,64935167,173613482,Rela.,2012
Wrath of the Titans,150000000,83670083,305270083,WB,2012
The Hunger Games,80000000,408010692,677923379,LGF,2012
"Jeff, Who Lives at Home",10000000,4269426,4708127,ParV,2012
21 Jump Street,42000000,138447667,202812429,Sony,2012
Silent House,2000000,12739737,16610760,ORF,2012
John Carter,275000000,73058679,282778100,BV,2012
A Thousand Words,40000000,18450127,20790486,P/DW,2012
Project X,12000000,54731865,103028188,WB,2012
Act of Valor,12000000,70012847,82497035,Rela.,2012
Wanderlust,32500000,17288155,24159934,Uni.,2012
Tyler Perry's Good Deeds,14000000,35025791,35579177,LGF,2012
Ghost Rider: Spirit of Vengeance,57000000,51774002,149217355,Sony,2012
This Means War,65000000,54760791,156974557,Fox,2012
Safe House,85000000,126181630,208542162,Uni.,2012
Journey 2: The Mysterious Island,79000000,103860290,318146162,WB (NL),2012
The Vow,30000000,125014030,197618160,SGem,2012
The Innkeepers,750000,78396,1011535,Magn.,2012
Kill List,800000,29063,462206,IFC,2012
The Woman in Black,15000000,54333290,128955898,CBS,2012
Big Miracle,40000000,20157300,25268680,Uni.,2012
Man on a Ledge,42000000,18620000,49621440,LG/S,2012
The Grey,25000000,51580136,81249176,ORF,2012
Red Tails,58000000,49876377,50365498,Fox,2012
Coriolanus,10000000,749641,2179623,Wein.,2012
Haywire,23000000,18942396,36374700,Rela.,2012
Joyful Noise,27500000,30932113,31157914,WB,2012
We Need to Talk About Kevin,7000000,1738692,10765283,Osci.,2011
Contraband,25000000,66528000,98406855,Uni.,2012
The Iron Lady,14000000,29959436,115592104,Wein.,2011
The Devil Inside,1000000,53262945,101759490,Par.,2012
War Horse,70000000,79883359,156815529,BV,2011
The Darkest Hour,34800000,21443494,62831715,Sum.,2011
We Bought a Zoo,50000000,75624550,118729073,Fox,2011
The Adventures of Tintin,130000000,77591831,373993951,Par.,2011
Albert Nobbs,7500000,3014696,8539003,RAtt.,2012
The Girl with the Dragon Tattoo,90000000,102515793,239373970,MBox,2010
Alvin and the Chipmunks: Chipwrecked,80000000,133107389,349088523,Fox,2011
Sherlock Holmes: A Game of Shadows,125000000,186848418,535663443,WB,2011
The Sitter,25000000,30542576,38749404,Fox,2011
Young Adult,12000000,16311571,22750356,Par.,2011
Shame,6500000,4002293,20412841,FoxS,2011
The Artist,16000000,44667095,128256712,Wein.,2011
Arthur Christmas,85000000,46462469,149717124,Sony,2011
The Muppets,45000000,88625922,160971922,BV,2011
My Week with Marilyn,10000000,14597405,34240572,Wein.,2011
A Dangerous Method,20000000,5702083,14807531,SPC,2011
Hugo,180000000,73864507,180047784,Par.,2011
Another Happy Day,4000000,9120,978527,P4,2011
Happy Feet Two,135000000,64006466,157956466,WB,2011
The Descendants,20000000,82624961,175507800,FoxS,2011
Jack and Jill,79000000,74158157,150519217,Sony,2011
Immortals,75000000,83504017,211562435,Rela.,2011
Melancholia,9400000,3030848,21817298,Magn.,2011
J. Edgar,35000000,37306030,84606030,WB,2011
Tower Heist,85000000,78046570,150422946,Uni.,2011
A Very Harold & Kumar 3D Christmas,20000000,35061031,36265745,WB,2011
The Son of No One,15000000,30680,1148578,Anch.,2011
The Rum Diary,45000000,13109815,21544732,FD,2011
Like Crazy,250000,3395391,3728400,ParV,2011
In Time,35000000,37553932,165103952,Fox,2011
Puss in Boots,130000000,149260504,554987477,P/DW,2011
Anonymous,27500000,4463292,15815509,Sony,2011
Paranormal Activity 3,5000000,104028807,207039844,Par.,2011
Margin Call,3400000,5353586,20433227,RAtt.,2011
Johnny English Reborn,45000000,8406711,164640401,Uni.,2011
Martha Marcy May Marlene,1000000,2981038,5438911,FoxS,2011
Le Havre,5500000,611709,13480196,Jan.,2011
Fireflies in the Garden,8000000,36884,3587191,Uni.,2011
The Big Year,41000000,7204138,7684524,Fox,2011
The Ides of March,23000000,40962534,77735925,Sony,2011
Real Steel,110000000,85463309,263880341,BV,2011
Blackthorn,4500000,200558,1217307,Magn.,2011
Courageous,2000000,34522221,35185884,TriS,2011
Dream House,50000000,21302340,41642166,Uni.,2011
Take Shelter,4750000,1728953,4972016,SPC,2011
50/50,8000000,35016118,41334735,Sum.,2011
What's Your Number?,20000000,14011084,30163785,Fox,2011
Margaret,14000000,47185,623292,FoxS,2011
Machine Gun Preacher,30000000,538690,3721988,Rela.,2011
Moneyball,50000000,75605492,111300835,Sony,2011
Red State,4000000,1065429,1983596,SMod,2011
Abduction,35000000,28087155,86648359,LGF,2011
Killer Elite,70000000,25124986,65409046,ORF,2011
Dolphin Tale,37000000,72286779,96068724,WB,2011
I Don't Know How She Does It,24000000,9659074,24474463,Wein.,2011
Contagion,60000000,75658097,137551594,WB,2011
Warrior,25000000,13657115,24215385,LGF,2011
Shark Night 3D,25000000,18877153,18877153,Rela.,2011
Apollo 18,5000000,17686929,26517819,W/Dim.,2011
The Debt,20000000,31177548,46604054,Focus,2011
Don't Be Afraid of the Dark,25000000,24046682,39126427,FD,2011
Circumstance,900000,454121,958978,RAtt.,2011
Colombiana,40000000,36665854,72295262,TriS,2011
Our Idiot Brother,5000000,24814830,25861249,Wein.,2011
Brighton Rock,11000000,229653,229653,IFC,2011
Higher Ground,1800000,841056,842693,SPC,2011
One Day,15000000,13843771,59168692,Focus,2011
Spy Kids: All the Time in the World,27000000,38536376,80681183,W/Dim.,2011
5 Days of War,12000000,17479,87793,Anch.,2011
30 Minutes or Less,28000000,37053924,40966716,Sony,2011
Final Destination 5,40000000,42587643,155011165,WB (NL),2011
The Help,25000000,169705587,213120004,BV,2011
The Change-Up,52000000,37243418,75997067,Uni.,2011
Rise of the Planet of the Apes,93000000,176760185,470986200,Fox,2011
The Devil's Double,19100000,1361512,5965646,LGF,2011
The Future,1000000,568662,1239174,RAtt.,2011
The Smurfs,110000000,142614158,563749323,Sony,2011
Attack the Block,13000000,1024175,6459183,SGem,2011
The Guard,6000000,5359774,21197454,SPC,2011
Captain America: The First Avenger,140000000,176654505,370569776,Par.,2011
Another Earth,175000,1321194,2102779,FoxS,2011
Friends with Benefits,35000000,55802754,146595891,SGem,2011
Snow Flower and the Secret Fan,6000000,1348205,11348205,FoxS,2011
Winnie the Pooh,30000000,26692846,50145607,BV,2011
Zookeeper,80000000,80360866,170805525,Sony,2011
Horrible Bosses,35000000,117538559,212417601,WB (NL),2011
Monte Carlo,20000000,23186769,39686769,Fox,2011
Larry Crowne,30000000,35608245,61449135,Uni.,2011
Transformers: Dark of the Moon,195000000,352390543,1123790543,P/DW,2011
A Better Life,10000000,1759252,1884251,Sum.,2011
Bad Teacher,19000000,100292856,215448997,Sony,2011
Cars 2,200000000,191450875,560155383,BV,2011
The Art of Getting By,4000000,1430241,1989035,FoxS,2011
Green Lantern,200000000,116601172,219535492,WB,2011
Super 8,50000000,127004179,257972745,Par.,2011
Beginners,3200000,5790894,14314407,Focus,2011
Submarine,1900000,467602,4581937,Wein.,2011
X-Men: First Class,160000000,146408305,355408305,Fox,2011
The Tree of Life,35000000,13305665,61721826,FoxS,2011
The Hangover Part II,80000000,254464305,586464305,WB,2011
Kung Fu Panda 2,150000000,165249063,664837547,P/DW,2011
Midnight in Paris,30000000,56816662,162502774,SPC,2011
Pirates of the Caribbean: On Stranger Tides,410600000,241063875,1045663875,BV,2011
Everything Must Go,5000000,2712131,2821010,RAtt.,2011
Priest,60000000,29136626,84154026,SGem,2011
Hesher,7000000,382946,382946,WHE,2011
Bridesmaids,32500000,169211718,289632023,Uni.,2011
Something Borrowed,35000000,39046489,65084116,WB,2011
Jumping the Broom,7000000,37295394,38158601,TriS,2011
Thor,150000000,181030624,449326618,Par.,2011
The Beaver,21000000,970816,5046038,Sum.,2011
There Be Dragons,36000000,1069334,4020990,Gold.,2011
Dylan Dog: Dead of Night,20000000,1186538,6093725,OMNI/FSR,2011
Prom,8000000,10130219,10763183,BV,2011
Fast Five,125000000,210031325,630163454,Uni.,2011
POM Wonderful Presents: The Greatest Movie Ever Sold,1800000,638476,783733,SPC,2011
Dum Maaro Dum,5200000,564489,11633427,FoxS,2011
Stake Land,4000000,33245,679482,IFC,2011
Water for Elephants,38000000,58709717,116809717,Fox,2011
Scream 4,40000000,38180928,95989590,W/Dim.,2011
Rio,90000000,143619809,487519809,Fox,2011
The Conspirator,25000000,11538204,15907411,RAtt.,2011
Meek's Cutoff,2000000,977772,1869928,Osci.,2011
Your Highness,50000000,21596445,26121638,Uni.,2011
Soul Surfer,18000000,43853424,47158652,TriS,2011
Hanna,30000000,40259119,65343694,Focus,2011
Source Code,32000000,54712227,140428499,Sum.,2011
The Last Godfather,13400000,164247,164247,RAtt.,2011
Rubber,500000,100370,680914,Magn.,2011
Super,2500000,327716,593933,IFC,2011
Hop,63000000,108085305,188657593,Uni.,2011
Insidious,1500000,54009150,99870886,FD,2011
Sucker Punch,75000000,36392502,89758389,WB,2011
Diary of a Wimpy Kid: Rodrick Rules,18000000,52698535,73695194,Fox,2011
Limitless,27000000,79249455,155564919,Rela.,2011
Winter in Wartime,5800000,542860,9662214,SPC,2011
Paul,40000000,37412945,101162106,Uni.,2011
The Lincoln Lawyer,40000000,58009200,87145086,LGF,2011
Red Riding Hood,42000000,37662162,91678442,WB,2011
Mars Needs Moms,150000000,21392758,39549758,BV,2011
Battle: Los Angeles,70000000,83552429,213463976,Sony,2011
Beastly,17000000,27865571,38028230,CBS,2011
Take Me Home Tonight,19000000,6928068,7576604,Rela.,2011
Rango,135000000,123477607,245724600,Par.,2011
The Adjustment Bureau,50200000,62495645,126931325,Uni.,2011
Hall Pass,68000000,45060734,87173475,WB (NL),2011
Drive Angry,50000000,10721033,41042583,Sum.,2011
Unknown,40000000,63686397,136123083,WB,2011
"Big Mommas: Like Father, Like Son",32000000,37915414,82332450,Fox,2011
Justin Bieber: Never Say Never,13000000,73013910,99034125,Par.,2011
Cedar Rapids,10000000,6861102,7862131,FoxS,2011
The Eagle,25000000,19490041,38993548,Focus,2011
Just Go With It,80000000,103028109,214974953,Sony,2011
Gnomeo and Juliet,36000000,99967670,193737977,BV,2011
Sanctum,30000000,23209310,108957098,Uni.,2011
The Roommate,16000000,37300107,52545707,SGem,2011
The Rite,37000000,33047633,97143987,WB (NL),2011
Biutiful,35000000,5101237,24687524,RAtt.,2011
The Mechanic,42500000,29121498,76347393,CBS,2011
No Strings Attached,25000000,70662220,149228078,Par.,2011
The Green Hornet,110000000,98780042,229155503,Sony,2011
The Dilemma,70000000,48475290,70546865,Uni.,2011
Season of the Witch,40000000,24827228,91126600,Rela.,2011
Blue Valentine,1000000,9737892,16566240,Wein.,2010
Another Year,8000000,3205706,20005613,SPC,2010
Gulliver's Travels,112000000,42779261,232017848,Fox,2010
Little Fockers,100000000,148438600,310650574,Uni.,2010
True Grit,35000000,171243005,252276928,Par.,2010
Somewhere,7000000,1785645,17023121,Focus,2010
Country Strong,15000000,20218921,20601987,SGem,2010
Yogi Bear,80000000,100246011,204774690,WB,2010
Casino Jack,12500000,2039869,2272186,ATO,2010
Rabbit Hole,5000000,2229058,6205034,LGF,2010
The Tourist,100000000,67631157,278731369,Sony,2010
The Tempest,20000000,277943,277943,Mira.,2010
The Fighter,11000000,93617009,129262388,Par.,2010
The Chronicles of Narnia: The Voyage of the Dawn Treader,155000000,104386950,418186950,Fox,2010
All Good Things,20000000,582024,873617,Magn.,2010
The Warrior's Way,42000000,5666340,8514325,Rela.,2010
Black Swan,13000000,106954678,331266710,FoxS,2010
"I Love You, Phillip Morris",13000000,2037459,23014027,RAtt.,2010
Love and Other Drugs,30000000,32367005,102716321,Fox,2010
The Nutcracker in 3D,90000000,195459,20466016,Free,2010
Burlesque,55000000,39440655,90552675,SGem,2010
Faster,24000000,23240020,35792945,CBS,2010
Tangled,260000000,200821936,586477240,BV,2010
The Next Three Days,30000000,21148651,67255916,LGF,2010
Made in Dagenham,8000000,1095369,15644196,SPC,2010
Unstoppable,95000000,81562942,165720921,Fox,2010
Tiny Furniture,50000,391674,424149,IFC,2010
Skyline,10000000,21416355,68264973,Uni.,2010
Morning Glory,40000000,31011732,59795070,Par.,2010
127 Hours,18000000,18335230,60217171,FoxS,2010
Megamind,130000000,148415853,321887208,P/DW,2010
For Colored Girls,21000000,37729698,38017873,LGF,2010
Four Lions,3750000,310007,2436111,Drft.,2010
Due Date,65000000,100539043,211739043,WB,2010
Monsters,500000,237301,5639730,Magn.,2010
Welcome to the Rileys,10000000,152857,355919,Gold.,2010
Saw 3D,17000000,45710178,133735284,LGF,2010
Wild Target,8000000,109338,5314194,Free,2010
Paranormal Activity 2,3000000,84752907,177512032,Par.,2010
Carlos,18000000,145526,1619153,IFC,2010
Red,60000000,90380162,196439693,Sum.,2010
Hereafter,50000000,32746941,108660270,WB,2010
Conviction,12500000,6797696,11826980,FoxS,2010
Secretariat,35000000,59699513,60376247,BV,2010
I Spit on Your Grave,1750000,93051,1278471,Anch.,2010
Stone,22000000,1810078,4065020,Over.,2010
Life as We Know It,38000000,53374681,105887837,WB,2010
It's Kind of a Funny Story,8000000,6363628,6632950,Focus,2010
It's a Wonderful Afterlife,10000000,0,1642939,UTV,2010
My Soul to Take,25000000,14744435,16727470,Uni.,2010
Inside Job,2000000,4311834,7799257,SPC,2010
Nowhere Boy,1900000,1445366,7785229,Wein.,2010
Case 39,27000000,13261851,28773827,ParV,2010
Chain Letter,3000000,205842,1022453,NFC,2010
Freakonomics,2900000,101270,172867,Magn.,2010
The Social Network,40000000,96962694,224922135,Sony,2010
Let Me In,20000000,12134935,28270399,Over.,2010
Buried,1987650,1044143,21270290,LGF,2010
Enter the Void,16000000,337997,1467278,IFC,2010
Legend of the Guardians: The Owls of Ga'Hoole,100000000,55675313,139716717,WB,2010
You Again,20000000,25702053,32838945,BV,2010
You Will Meet a Tall Dark Stranger,15000000,3247816,34247816,SPC,2010
The Town,37000000,92186262,152566881,WB,2010
Easy A,8000000,58401464,76200721,SGem,2010
Devil,10000000,33679655,63354114,Uni.,2010
Never Let Me Go,15000000,2434652,11173718,FoxS,2010
Resident Evil: Afterlife,57500000,60128566,295874190,SGem,2010
"Lovely, Still",5000000,127564,282687,Mont.,2010
Machete,12500000,26593646,46370970,Fox,2010
Going the Distance,32000000,17804299,43603990,WB (NL),2010
The American,20000000,35606376,67950723,Focus,2010
Takers,32000000,57744720,70587268,SGem,2010
The Last Exorcism,1800000,41034350,70165900,LGF,2010
Centurion,15000000,123570,7885048,Magn.,2010
Piranha 3D,24000000,25003155,83660160,W/Dim.,2010
Mao's Last Dancer,18000000,4806750,25941437,Gold.,2010
Soul Kitchen,4900000,276901,23347461,IFC,2010
The Switch,19000000,27758465,49858465,Mira.,2010
Vampires Suck,20000000,36661504,81424988,Fox,2010
Eat Pray Love,60000000,80574010,206598789,Sony,2010
The Expendables,82000000,103068524,268268174,LGF,2010
Animal Kingdom,4200000,1044039,8078683,SPC,2010
Flipped,14000000,1755212,4289993,WB,2010
The Disappearance of Alice Creed,1500000,166980,1605139,Anch.,2010
The Other Guys,100000000,119219978,170936470,Sony,2010
Cats & Dogs: The Revenge of Kitty Galore,85000000,43585753,113026383,WB,2010
Get Low,7000000,9176933,10828305,SPC,2010
Charlie St. Cloud,44000000,31206263,48478084,Uni.,2010
Dinner for Schmucks,69000000,73026337,86796502,P/DW,2010
The Extra Man,7000000,453377,492108,Magn.,2010
Ramona and Beezus,15000000,26167002,27469621,Fox,2010
Life During Wartime,4500000,281447,281447,IFC,2010
Salt,130000000,118311368,290650494,Sony,2010
Inception,160000000,292576195,835524642,WB,2010
The Sorcerer's Apprentice,160000000,63150991,217986320,BV,2010
Predators,40000000,52000688,127234389,Fox,2010
The Kids Are All Right,4000000,20811365,36275469,Focus,2010
Despicable Me,69000000,251513985,543464573,Uni.,2010
[Rec] 2,5600000,27766,18527766,Magn.,2010
The Last Airbender,150000000,131772187,319713881,Par.,2010
The Twilight Saga: Eclipse,68000000,300531751,706102828,Sum.,2010
Grown Ups,75000000,162001186,272223430,Sony,2010
Cyrus,7000000,7468936,10062896,FoxS,2010
Toy Story 3,200000000,415004880,1068879522,BV,2010
Jonah Hex,47000000,10547117,11022696,WB,2010
The Killer Inside Me,13000000,217277,3617277,IFC,2010
The A-Team,110000000,77222099,177241171,Fox,2010
The Karate Kid,40000000,176591618,351774938,Sony,2010
Winter's Bone,2000000,6531503,16131551,RAtt.,2010
Splice,30000000,17010170,28542494,WB,2010
Get Him to the Greek,40000000,61153526,91455875,Uni.,2010
Marmaduke,50000000,33644788,89895930,Fox,2010
Killers,75000000,47059963,95572749,LGF,2010
Ondine,12000000,550472,557545,Magn.,2010
Micmacs,42000000,1259693,11756922,SPC,2010
Agora,70000000,619423,38992292,NM,2010
George A. Romero's Survival of the Dead,4200000,101740,101740,Magn.,2010
Sea Rex 3D: Journey to a Prehistoric World,5000000,6096582,16515203,3D,2010
Sex and the City 2,95000000,95347692,294680778,WB (NL),2010
Solitary Man,12500000,4360548,4360548,Anch.,2010
Kites,9200000,1685269,17155193,Relbig.,2010
MacGruber,10000000,8525600,8629895,Uni.,2010
Shrek Forever After,165000000,238736787,756244673,P/DW,2010
Letters to Juliet,30000000,53032453,82148538,Sum.,2010
Just Wright,12000000,21540363,21867665,FoxS,2010
Mother and Child,7000000,1110509,6537179,SPC,2010
Iron Man 2,170000000,312433331,621156389,Par.,2010
Harry Brown,7300000,1818681,12023606,Gold.,2010
Furry Vengeance,35000000,17630465,39340177,Sum.,2010
Housefull,10100000,1183658,18726300,Eros,2010
The Good Heart,3800000,20930,340930,Magn.,2010
Please Give,3000000,4033574,4570178,SPC,2010
The Losers,25000000,23591432,29863840,WB,2010
Oceans,80000000,19422319,86787530,BV,2010
Kick-Ass,28000000,48071303,97531134,LGF,2010
The Perfect Game,12500000,1089445,3931367,IW,2010
The Joneses,10000000,1475746,3541565,RAtt.,2010
The City of Your Final Destination,8300000,493296,1353296,Scre.,2010
After.Life,4500000,108596,2481925,Anch.,2010
Letters to God,3000000,2848587,3237452,Viv.,2010
Date Night,55000000,98711404,152269033,Fox,2010
Leaves of Grass,9000000,70066,85527,First,2010
The Last Song,20000000,62950384,92678948,BV,2010
How to Train Your Dragon,165000000,217581232,494870992,P/DW,2010
Hot Tub Time Machine,36000000,50269859,65967750,MGM,2010
The Eclipse,3000000,133411,133411,Magn.,2010
Chloe,13000000,3075255,11831131,SPC,2010
City Island,6000000,6671283,8173486,Anch.,2010
The Bounty Hunter,45000000,67061228,135808837,Sony,2010
The Runaways,9500000,3573673,5278632,App.,2010
Repo Men,32000000,13942007,18195238,Uni.,2010
Diary of a Wimpy Kid,15000000,64003625,76954311,Fox,2010
She's Out of My League,20000000,32010860,48680977,Par.,2010
Remember Me,16000000,19068240,56506120,Sum.,2010
Green Zone,100000000,35497337,97523020,Uni.,2010
Our Family Wedding,14000000,20255281,21410546,FoxS,2010
The Secret of Kells,8000000,690290,3582797,GK,2010
Brooklyn's Finest,17000000,27163593,39233233,Over.,2010
The Crazies,19000000,39123589,56445534,Over.,2010
Cop Out,37000000,44875481,55909910,WB,2010
The Ghost Writer,45000000,15541549,65532491,Sum.,2010
Shutter Island,80000000,128012934,299461782,Par.,2010
Valentine's Day,52000000,110485654,217569328,WB (NL),2010
The Wolfman,150000000,62189884,142634358,Uni.,2010
My Name is Khan,8470000,4046336,42355526,FoxS,2010
Dear John,25000000,80014842,142033509,SGem,2010
Ajami,1000000,621859,2721096,Kino,2010
Edge of Darkness,60000000,43313890,82812456,WB,2010
Saint John of Las Vegas,2000000,102645,102645,IVP,2010
Tooth Fairy,48000000,60022256,112610386,Fox,2010
To Save a Life,500000,3777210,3824868,Gold.,2010
Extraordinary Measures,31000000,12482741,15826984,CBS,2010
The Book of Eli,80000000,94835059,158750817,WB,2010
Fish Tank,3000000,374675,5922292,IFC,2010
The Spy Next Door,28000000,24307106,46752858,LGF,2010
The Last Station,18000000,6617867,15696146,SPC,2010
Youth in Revolt,18000000,15285588,19685588,W/Dim.,2010
Leap Year,19000000,25918920,32618920,Uni.,2010
Daybreakers,20000000,30101577,51445503,LGF,2010
The Journey,500000,19800,19800,IFC,2017
City of Ghosts,17500000,325491,325491,IFC,2017
Jackpot,400000,44452,44452,DR,2014
Evolution,80000000,38311134,98341932,IFC,2016
Playing for Keeps,35000000,2000000,2000000,FD,2012
Point Blank,3000000,0,0,Magn.,2011
